<?xml version="1.0"?>
<PropertyList>

<!-- Author:  Rob Dosogne -->

	<path>vspeed.ac</path>

	<!-- AMBIENT LIGHTING -->
	<!--   Set the mood, sun-angle-rad 1.62/1.57/1.39 is good for automatic night-mode -->

	<animation>
		<type>material</type>
		<object-name>vsi.glass</object-name>
		<object-name>vsi.needle</object-name>
		<condition>		
			<or>
				<equals>		
					<property>instrumentation/vspeed/backlight</property>
					<value>true</value>
				</equals>
				<greater-than>		
					<property>/sim/time/sun-angle-rad</property>
					<value>1.57</value>
				</greater-than>
			</or>
		</condition>
		<emission>
			<red>0.007</red>
			<green>0.018</green>
			<blue>0.011</blue>
			<factor-prop>/systems/electrical/outputs/instrument-lights</factor-prop>
		</emission>
	</animation>

	<animation>
		<type>material</type>
		<object-name>vsi.button</object-name>
		<emission>
			<red>0.001</red>
			<green>0.001</green>
			<blue>0.001</blue>
			<factor-prop>/systems/electrical/outputs/instrument-lights</factor-prop>
		</emission>
	</animation>

	<!-- NEEDLE ANIMATON -->
	<!--   Remember:  Z  becomes -Y -->
	<!--              Y  becomes  Z -->

	<animation>
		<type>rotate</type>
		<object-name>vsi.needle</object-name>
		<property>autopilot/internal/vert-speed-fpm</property>
		<interpolation>
			<entry><ind>-6000.0</ind><dep>-174.5</dep></entry>
			<entry><ind>-4000.0</ind><dep>-132.0</dep></entry>
			<entry><ind>-2000.0</ind><dep>-90.0</dep></entry>
			<entry><ind>-1000.0</ind><dep>-60.0</dep></entry>
			<entry><ind>-500.0</ind><dep>-30.0</dep></entry>
			<entry><ind>0.0</ind><dep>0.0</dep></entry>
			<entry><ind>500.0</ind><dep>30.0</dep></entry>
			<entry><ind>1000.0</ind><dep>60.0</dep></entry>
			<entry><ind>2000.0</ind><dep>90.0</dep></entry>
			<entry><ind>4000.0</ind><dep>132.0</dep></entry>
			<entry><ind>6000.0</ind><dep>174.5</dep></entry>
		</interpolation>
		<axis>
			<x>-1</x>
			<y>0</y>
			<z>0</z>
		</axis>
		<center>
			<x-m>0.0</x-m>
			<y-m>0.0006</y-m>
			<z-m>-0.0006</z-m>
		</center>
	</animation>

	<animation>
		<type>pick</type>
		<object-name>vsi.button</object-name>
		<action>
			<button>0</button>
			<repeatable>true</repeatable>
			<interval-sec>0.2</interval-sec>
			<binding>
				<command>property-toggle</command>
				<property>instrumentation/vspeed/backlight</property>
				<value>true</value>
				<value>false</value>
			</binding>
		</action>
	</animation>

	<!-- LoD -->
	<animation>
		<type>range</type>
		<min-m>0</min-m>
		<max-m>10</max-m>
	</animation>

</PropertyList>
