<?xml version="1.0"?>
<PropertyList>

<!-- Author:  Rob Dosogne -->

	<path>nws_sb.ac</path>

	<!-- AMBIENT LIGHTING -->
	<!--   Set the mood, sun-angle-rad 1.62/1.57/1.39 is good for automatic night-mode -->

	<animation>
		<type>material</type>
		<object-name>nws_sb.nws</object-name>
		<object-name>nws_sb.sb</object-name>
		<condition>		
			<or>
				<equals>		
					<property>instrumentation/airspeed-indicator/backlight</property>
					<value>true</value>
				</equals>
				<greater-than>		
					<property>/sim/time/sun-angle-rad</property>
					<value>1.57</value>
				</greater-than>
			</or>
		</condition>
		<emission>
			<red>0.009</red>
			<green>0.009</green>
			<blue>0.004</blue>
			<factor-prop>/systems/electrical/outputs/instrument-lights</factor-prop>
		</emission>
	</animation>

	<!-- ACTIVE BUTTON LIGHTING -->

	<animation> 
		<type>material</type>
		<object-name>nws_sb.nws</object-name>
		<condition>
			<equals>
				<property>systems/NWS/engaged</property>
				<value type="bool">true</value>
			</equals>
		</condition>
		<emission> 
			<red>0</red>
			<green>1</green>
			<blue>0</blue>
		</emission>
	</animation>

	<animation> 
		<type>material</type>
		<object-name>nws_sb.sb</object-name>
		<condition>
			<equals>
				<property>surface-positions/speedbrake-pos-norm</property>
				<value type="bool">true</value>
			</equals>
		</condition>
		<emission> 
			<red>0</red>
			<green>1</green>
			<blue>0</blue>
		</emission>
	</animation>

<!-- -hotspots -->

    <animation>
        <type>pick</type>
        <object-name>nws_sb.nws</object-name>
        <action>
            <button>0</button>
            <repeatable>false</repeatable>
						<binding>
							<command>property-toggle</command>
							<property>fdm/jsbsim/systems/NWS/engaged</property>
							<value>1</value> 
							<value>0</value> 
						</binding>
        </action>
    </animation>

    <animation>
        <type>pick</type>
        <object-name>nws_sb.sb</object-name>
        <action>
            <button>0</button>
            <repeatable>false</repeatable>
						<binding>
							<command>property-toggle</command>
							<property>/controls/flight/speedbrake</property>
						</binding>
        </action>
    </animation>

	<!-- LoD -->
	<animation>
		<type>range</type>
		<min-m>0</min-m>
		<max-m>10</max-m>
	</animation>

</PropertyList>
