<?xml version="1.0"?>
<PropertyList>

<!-- Author:  Rob Dosogne -->

	<path>efis.ac</path>

	<!-- AMBIENT LIGHTING -->
	<!--   Set the mood, sun-angle-rad 1.62/1.57/1.39 is good for automatic night-mode -->

	<animation> <!-- animation for dimmer switch -->
		<type>material</type>
		<object-name>efis.glass</object-name>
		<object-name>efis.roll</object-name>
		<object-name>efis.plane</object-name>
		<object-name>efis.ai</object-name>
		<object-name>efis.dot</object-name>
		<object-name>efis.slip</object-name>
		<condition>
			<greater-than>		
				<property>instrumentation/efis/backlight</property>
				<value>0</value>
			</greater-than>
		</condition>
		<emission>
			<red>0.007</red>
			<green>0.018</green>
			<blue>0.011</blue>
			<factor-prop>instrumentation/efis/backlight</factor-prop>
		</emission>
	</animation>

	<animation>
		<type>material</type>
		<object-name>efis.button.brt</object-name>
		<object-name>efis.button.dim</object-name>
		<object-name>efis.button.cmp</object-name>
		<object-name>efis.button.gpsapr</object-name>
		<emission>
			<red>0.001</red>
			<green>0.001</green>
			<blue>0.001</blue>
			<factor-prop>/systems/electrical/outputs/instrument-lights</factor-prop>
		</emission>
	</animation>
	
	<animation> <!-- animation for automatic night-mode; dimmer overrides. -->
		<type>material</type>
		<object-name>efis.glass</object-name>
		<object-name>efis.roll</object-name>
		<object-name>efis.plane</object-name>
		<object-name>efis.ai</object-name>
		<object-name>efis.dot</object-name>
		<object-name>efis.slip</object-name>
		<condition>
			<and>
				<equals>		
					<property>instrumentation/efis/backlight</property>
					<value>0</value>
				</equals>
				<greater-than>		
					<property>/sim/time/sun-angle-rad</property>
					<value>1.57</value>
				</greater-than>
			</and>
		</condition>
		<emission>
			<red>0.007</red>
			<green>0.018</green>
			<blue>0.011</blue>
			<factor-prop>/systems/electrical/outputs/instrument-lights</factor-prop>
		</emission>
	</animation>
	
	<!-- Not sure what CMP should do... -->
	<!-- For now CMP button toggles SIMPLE/DETAILED attitude tape -->

	<animation>
		<type>material</type>
		<object-name>efis.ai</object-name>
		<condition>
			<equals>
				<property>instrumentation/efis/cmp_mode</property>
				<value>1</value>
			</equals>
		</condition>
		<texture>tape_simple.png</texture>
	</animation>

	<!-- LADDER ANIMATON -->
	<!--   Remember:  Z  becomes -Y -->
	<!--              Y  becomes  Z -->

	<animation>
		<type>texmultiple</type>
		<object-name>efis.ai</object-name>
		<transform>
			<property>orientation/pitch-deg</property>
			<subtype>textranslate</subtype>
			<factor>0.00525555556</factor>
			<axis>
				<x>0</x>
				<y>1</y>
				<z>0</z>
			</axis>
		</transform>
		<transform>
			<property>orientation/roll-deg</property>
			<subtype>texrotate</subtype>
			<center>
				<x>0.5</x>
				<y>0.5</y>
			</center>
			<axis>
				<x>0</x>
				<y>0</y>
				<z>-1</z>
			</axis>
		</transform>
	</animation>

	<animation>
		<type>rotate</type>
		<object-name>efis.roll</object-name>
		<property>orientation/roll-deg</property>
		<axis>
			<x>1</x>
			<y>0</y>
			<z>0</z>
		</axis>
		<center>
			<x-m>0</x-m>
			<y-m>-0.001</y-m>
			<z-m>0</z-m>
		</center>
	</animation>

	<animation>
    <type>translate</type>
    <object-name>efis.slip</object-name>
    <property>/instrumentation/slip-skid-ball/indicated-slip-skid</property>
    <interpolation>
			<entry>
				<ind>-3</ind><dep>-0.0145</dep>
			</entry>
			<entry>
				<ind>3</ind><dep>0.0145</dep>
			</entry>
    </interpolation>
		<center>
			<x-m>0</x-m>
			<y-m>-0.011</y-m>
			<z-m>0</z-m>
		</center>
		<axis>
			<x>0</x>
			<y>-1</y>
			<z></z>
		</axis>
	</animation>

	<animation>
		<type>pick</type>
		<object-name>efis.button.brt</object-name>
		<action>
			<button>0</button>
			<repeatable>true</repeatable>
			<interval-sec>0.2</interval-sec>
			<binding>
				<command>property-adjust</command>
				<property>instrumentation/efis/backlight</property>
				<step>4</step>
				<min>0</min>
				<max>28</max>
			</binding>
		</action>
	</animation>

	<animation>
		<type>pick</type>
		<object-name>efis.button.dim</object-name>
		<action>
			<button>0</button>
			<repeatable>true</repeatable>
			<interval-sec>0.2</interval-sec>
			<binding>
				<command>property-adjust</command>
				<property>instrumentation/efis/backlight</property>
				<step>-4</step>
				<min>0</min>
				<max>28</max>
			</binding>
		</action>
	</animation>

	<animation>
		<type>pick</type>
		<object-name>efis.button.cmp</object-name>
		<action>
			<button>0</button>
			<repeatable>false</repeatable>
			<interval-sec>0.2</interval-sec>
			<binding>
				<command>property-toggle</command>
				<property>instrumentation/efis/cmp_mode</property>
				<value type="bool">true</value>
				<value type="bool">false</value>
			</binding>
		</action>
	</animation>

	<animation>
		<type>pick</type>
		<object-name>efis.button.gpsapr</object-name>
		<action>
			<button>0</button>
			<repeatable>false</repeatable>
			<interval-sec>0.2</interval-sec>
			<binding>
				<command>property-toggle</command>
				<property>instrumentation/efis/gps_mode</property>
				<value>1</value>
				<value>0</value>
			</binding>
		</action>
	</animation>

	<!-- LoD -->
	<animation>
		<type>range</type>
		<min-m>0</min-m>
		<max-m>10</max-m>
	</animation>

</PropertyList>
