<?xml version="1.0"?>
<PropertyList>

<!-- Author:  Rob Dosogne -->

	<path>asi.ac</path>

	<!-- AMBIENT LIGHTING -->
	<!--   Set the mood, sun-angle-rad 1.62/1.57/1.39 is good for automatic night-mode -->

	<animation>
		<type>material</type>
		<object-name>asi.glass</object-name>
		<object-name>asi.needle.asi</object-name>
		<object-name>asi.needle.vne</object-name>
		<object-name>asi.MACH.001</object-name>
		<object-name>asi.MACH.002</object-name>
		<object-name>asi.MACH.box</object-name>
		<condition>		
			<or>
				<equals>		
					<property>instrumentation/airspeed-indicator/backlight</property>
					<value>true</value>
				</equals>
				<greater-than>		
					<property>/sim/time/sun-angle-rad</property>
					<value>1.57</value>
				</greater-than>
			</or>
		</condition>
		<emission>
			<red>0.007</red>
			<green>0.018</green>
			<blue>0.011</blue>
			<factor-prop>/systems/electrical/outputs/instrument-lights</factor-prop>
		</emission>
	</animation>

	<animation>
		<type>material</type>
		<object-name>asi.button</object-name>
		<emission>
			<red>0.001</red>
			<green>0.001</green>
			<blue>0.001</blue>
			<factor-prop>/systems/electrical/outputs/instrument-lights</factor-prop>
		</emission>
	</animation>

	<!-- NEEDLE ANIMATON -->
	<!--   Remember:  Z  becomes -Y -->
	<!--              Y  becomes  Z -->

	<animation>
		<type>rotate</type>
		<object-name>asi.needle.asi</object-name>
		<property>/instrumentation/airspeed-indicator/indicated-speed-kt</property>
		<interpolation>
			<entry><ind>0</ind><dep>0</dep></entry>
			<entry><ind>20</ind><dep>0</dep></entry>
			<entry><ind>40</ind><dep>32</dep></entry>
			<entry><ind>60</ind><dep>51</dep></entry>
			<entry><ind>80</ind><dep>70</dep></entry>
			<entry><ind>100</ind><dep>89</dep></entry>
			<entry><ind>120</ind><dep>108</dep></entry>
			<entry><ind>140</ind><dep>133</dep></entry>
			<entry><ind>160</ind><dep>147</dep></entry>
			<entry><ind>180</ind><dep>166</dep></entry>
			<entry><ind>200</ind><dep>185</dep></entry>
			<entry><ind>220</ind><dep>205</dep></entry>
			<entry><ind>240</ind><dep>224</dep></entry>
			<entry><ind>260</ind><dep>243</dep></entry>
			<entry><ind>280</ind><dep>263</dep></entry>
			<entry><ind>300</ind><dep>281</dep></entry>
			<entry><ind>320</ind><dep>306</dep></entry>
			<entry><ind>350</ind><dep>318</dep></entry>
			<entry><ind>400</ind><dep>360</dep></entry>
		</interpolation>
		<axis>
			<x>-1</x>
			<y>0</y>
			<z>0</z>
		</axis>
		<center>
			<x-m>0.0</x-m>
			<y-m>-0.0005</y-m>
			<z-m>-0.0009</z-m>
		</center>
	</animation>

	<animation>
		<type>rotate</type>
		<object-name>asi.needle.vne</object-name>
		<property>/instrumentation/airspeed-indicator/limit-indicated-speed-kt</property>
		<interpolation>
			<entry><ind>0</ind><dep>0</dep></entry>
			<entry><ind>20</ind><dep>0</dep></entry>
			<entry><ind>40</ind><dep>32</dep></entry>
			<entry><ind>60</ind><dep>51</dep></entry>
			<entry><ind>80</ind><dep>70</dep></entry>
			<entry><ind>100</ind><dep>89</dep></entry>
			<entry><ind>120</ind><dep>108</dep></entry>
			<entry><ind>140</ind><dep>133</dep></entry>
			<entry><ind>160</ind><dep>147</dep></entry>
			<entry><ind>180</ind><dep>166</dep></entry>
			<entry><ind>200</ind><dep>185</dep></entry>
			<entry><ind>220</ind><dep>205</dep></entry>
			<entry><ind>240</ind><dep>224</dep></entry>
			<entry><ind>260</ind><dep>243</dep></entry>
			<entry><ind>280</ind><dep>263</dep></entry>
			<entry><ind>300</ind><dep>281</dep></entry>
			<entry><ind>320</ind><dep>306</dep></entry>
			<entry><ind>350</ind><dep>318</dep></entry>
			<entry><ind>400</ind><dep>360</dep></entry>
		</interpolation>
		<axis>
			<x>-1</x>
			<y>0</y>
			<z>0</z>
		</axis>
		<center>
			<x-m>0.0</x-m>
			<y-m>-0.0005</y-m>
			<z-m>-0.0009</z-m>
		</center>
	</animation>

	<!-- TEXT ANIMATON -->
	<!--   Funky valus calculated in Nasal/ct-156.nas -->
	<!--   Leading digits have select animation, last digit is always persistent -->

	<animation>
		<type>select</type>
		<object-name>asi.MACH.001</object-name>
		<object-name>asi.MACH.002</object-name>
		<condition>
			<greater-than-equals>
				<property>/instrumentation/airspeed-indicator/indicated-mach</property>
				<value>0.4</value>
			</greater-than-equals>
		</condition>
	</animation>

	<animation>
		<type>textranslate</type>
		<object-name>asi.MACH.001</object-name>
		<property>/instrumentation/airspeed-indicator/indicated-mach</property>
		<factor>1</factor>
		<step>0.1</step>
		<axis>
			<x>1</x>
			<y>0</y>
			<z>0</z>
		</axis>
	</animation>

	<animation>
		<type>textranslate</type>
		<object-name>asi.MACH.002</object-name>
		<property>/instrumentation/airspeed-indicator/indicated-mach</property>
		<factor>10</factor>
		<step>0.01</step>
		<axis>
			<x>1</x>
			<y>0</y>
			<z>0</z>
		</axis>
	</animation>

	<animation>
		<type>pick</type>
		<object-name>asi.button</object-name>
		<action>
			<button>0</button>
			<repeatable>true</repeatable>
			<interval-sec>0.2</interval-sec>
			<binding>
				<command>property-toggle</command>
				<property>instrumentation/airspeed-indicator/backlight</property>
				<value>true</value>
				<value>false</value>
			</binding>
		</action>
	</animation>

	<!-- LoD -->
	<animation>
		<type>range</type>
		<min-m>0</min-m>
		<max-m>10</max-m>
	</animation>

</PropertyList>
