<?xml version="1.0"?>
<PropertyList>

<!-- Author:  Rob Dosogne -->

	<path>m850.ac</path>

	<!-- AMBIENT LIGHTING -->
	<!--   Set the mood, sun-angle-rad 1.62/1.57/1.39 is good for automatic night-mode -->

	<animation>
		<type>material</type>
		<object-name>m850.glass</object-name>
		<object-name>m850.001</object-name>
		<object-name>m850.002</object-name>
		<object-name>m850.003</object-name>
		<object-name>m850.004</object-name>
		<object-name>m850.colon</object-name>
		<object-name>m850.sel</object-name>
		<object-name>m850.ctl</object-name>
		<object-name>m850.gmt</object-name>
		<object-name>m850.lt</object-name>
		<object-name>m850.ft</object-name>
		<object-name>m850.et</object-name>
		<condition>		
			<or>
				<equals>		
					<property>instrumentation/airspeed-indicator/backlight</property>
					<value>true</value>
				</equals>
				<greater-than>		
					<property>/sim/time/sun-angle-rad</property>
					<value>1.57</value>
				</greater-than>
			</or>
		</condition>
		<emission>
			<red>0.018</red>
			<green>0.011</green>
			<blue>0.007</blue>
			<factor-prop>/systems/electrical/outputs/instrument-lights</factor-prop>
		</emission>
	</animation>

	<!-- NEEDLE ANIMATON -->
	<!--   Remember:  Z  becomes -Y -->
	<!--              Y  becomes  Z -->

		<animation>
        <type>select</type>
        <object-name>m850.colon</object-name>
        <condition>
            <property>instrumentation/clock/m850/power</property>
        </condition>
    </animation>

    <animation>
        <type>select</type>
        <object-name>m850.gmt</object-name>
        <condition>
            <equals>
                <property>instrumentation/clock/m850/mode-string</property>
                <value>GMT</value>
            </equals>
        </condition>
    </animation>

    <animation>
        <type>select</type>
        <object-name>m850.lt</object-name>
        <condition>
            <equals>
                <property>instrumentation/clock/m850/mode-string</property>
                <value>LT</value>
            </equals>
        </condition>
    </animation>

    <animation>
        <type>select</type>
        <object-name>m850.ft</object-name>
        <condition>
            <equals>
                <property>instrumentation/clock/m850/mode-string</property>
                <value>FT</value>
            </equals>
        </condition>
    </animation>

    <animation>
        <type>select</type>
        <object-name>m850.et</object-name>
        <condition>
            <equals>
                <property>instrumentation/clock/m850/mode-string</property>
                <value>ET</value>
            </equals>
        </condition>
    </animation>

    <animation>
        <type>select</type>
        <object-name>m850.001</object-name>
        <condition>
            <property>instrumentation/clock/m850/digit[3]</property>
        </condition>
    </animation>

    <animation>
        <type>select</type>
        <object-name>m850.002</object-name>
        <condition>
            <property>instrumentation/clock/m850/digit[2]</property>
        </condition>
    </animation>

    <animation>
        <type>select</type>
        <object-name>m850.003</object-name>
        <condition>
            <property>instrumentation/clock/m850/digit[1]</property>
        </condition>
    </animation>

    <animation>
        <type>select</type>
        <object-name>m850.004</object-name>
        <condition>
            <property>instrumentation/clock/m850/digit[0]</property>
        </condition>
    </animation>

    <animation>
        <type>textranslate</type>
        <object-name>m850.001</object-name>
        <property>instrumentation/clock/m850/indicated-hour</property>
        <factor>0.01</factor>
        <step>10</step>
        <axis>
            <x>1</x>
            <y>0</y>
            <z>0</z>
        </axis>
    </animation>

    <animation>
        <type>textranslate</type>
        <object-name>m850.002</object-name>
        <property>instrumentation/clock/m850/indicated-hour</property>
        <factor>0.1</factor>
        <step>1</step>
        <axis>
            <x>1</x>
            <y>0</y>
            <z>0</z>
        </axis>
    </animation>

    <animation>
        <type>textranslate</type>
        <object-name>m850.003</object-name>
        <property>instrumentation/clock/m850/indicated-min</property>
        <factor>0.01</factor>
        <step>10</step>
        <axis>
            <x>1</x>
            <y>0</y>
            <z>0</z>
        </axis>
    </animation>

    <animation>
        <type>textranslate</type>
        <object-name>m850.004</object-name>
        <property>instrumentation/clock/m850/indicated-min</property>
        <factor>0.1</factor>
        <step>1</step>
        <axis>
            <x>1</x>
            <y>0</y>
            <z>0</z>
        </axis>
    </animation>

<!-- -hotspots -->

    <animation>
        <type>pick</type>
        <object-name>m850.sel</object-name>
        <action>
            <button>0</button>
            <repeatable>false</repeatable>
            <binding>
                <command>nasal</command>
                <script>m850.davtron.select_display();</script>
            </binding>
        </action>
    </animation>

    <animation>
        <type>pick</type>
        <object-name>m850.ctl</object-name>
        <action>
            <button>0</button>
            <repeatable>true</repeatable>
            <binding>
                <command>nasal</command>
                <script>m850.davtron.control_action(1);</script>
            </binding>
            <mod-up>
                <binding>
                    <command>nasal</command>
                    <script>m850.davtron.control_action(0);</script>
                </binding>
            </mod-up>
        </action>
    </animation>

    <animation>
        <type>pick</type>
        <object-name>m850.set</object-name>
        <action>
            <button>1</button>
            <repeatable>false</repeatable>
            <binding>
                <command>nasal</command>
                <script>m850.davtron.set_time();</script>
            </binding>
        </action>
    </animation>

	<!-- LoD -->
	<animation>
		<type>range</type>
		<min-m>0</min-m>
		<max-m>10</max-m>
	</animation>

</PropertyList>
