<?xml version="1.0"?>

<!-- by Petar jedvaj -->

<PropertyList>

<path>Warning.ac</path>

<animation> 
<type>material</type>
<object-name>master-warning</object-name>
<emission> 
<red>1</red>
<green>0</green>
<blue>0</blue>
</emission>
</animation>

<animation> 
<type>material</type>
<object-name>master-caution</object-name>
<emission> 
<red>255</red>
<green>255</green>
<blue>0</blue>
</emission>
</animation>

<animation> 
<type>material</type>
<object-name>fire</object-name>
<condition>
<equals>
<property>sim/crashed</property>
<value type="bool">true</value>
</equals>
</condition>
<emission> 
<red>1</red>
<green>0</green>
<blue>0</blue>
</emission>
</animation>

<animation>
<type>range</type>
<min-m>0</min-m>
<max-m>5</max-m>
</animation>

</PropertyList>

