<?xml version="1.0"?>
<PropertyList>

<!-- Author:  Rob Dosogne -->

	<path>alt_new.ac</path>

	<!-- AMBIENT LIGHTING -->
	<!--   Set the mood, sun-angle-rad 1.62/1.57/1.39 is good for automatic night-mode -->

	<animation>
		<type>material</type>
		<object-name>alt.glass</object-name>
		<object-name>alt.needle</object-name>
		<object-name>alt.ALT.001</object-name>
		<object-name>alt.ALT.001.pos</object-name>
		<object-name>alt.ALT.001.neg</object-name>
		<object-name>alt.ALT.002</object-name>
		<object-name>alt.ALT.002.pos</object-name>
		<object-name>alt.ALT.002.neg</object-name>
		<object-name>alt.ALT.003</object-name>
		<object-name>alt.ALT.004</object-name>
		<object-name>alt.ALT.005</object-name>
		<object-name>alt.ALT.box</object-name>
		<object-name>alt.MB.001</object-name>
		<object-name>alt.MB.002</object-name>
		<object-name>alt.MB.003</object-name>
		<object-name>alt.MB.004</object-name>
		<object-name>alt.MB.box</object-name>
		<object-name>alt.IN.001</object-name>
		<object-name>alt.IN.002</object-name>
		<object-name>alt.IN.003</object-name>
		<object-name>alt.IN.004</object-name>
		<object-name>alt.IN.box</object-name>
		<condition>
			<or>
				<equals>		
					<property>instrumentation/altimeter/backlight</property>
					<value>true</value>
				</equals>
				<greater-than>		
					<property>/sim/time/sun-angle-rad</property>
					<value>1.57</value>
				</greater-than>
			</or>
		</condition>
		<emission>
			<red>0.007</red>
			<green>0.018</green>
			<blue>0.011</blue>
			<factor-prop>/systems/electrical/outputs/instrument-lights</factor-prop>
		</emission>
	</animation>

	<animation>
		<type>material</type>
		<object-name>alt.button</object-name>
		<emission>
			<red>0.001</red>
			<green>0.001</green>
			<blue>0.001</blue>
			<factor-prop>/systems/electrical/outputs/instrument-lights</factor-prop>
		</emission>
	</animation>

	<!-- NEEDLE ANIMATON -->
	<!--   Remember:  Z  becomes -Y -->
	<!--              Y  becomes  Z -->

	<animation>
		<type>rotate</type>
		<object-name>alt.needle</object-name>
		<property>instrumentation/altimeter/indicated-altitude-ft</property>
		<factor>3.6</factor>
		<axis>
			<x>-1</x>
			<y>0</y>
			<z>0</z>
		</axis>
		<center>
			<x-m>0.0</x-m>
			<y-m>-0.0011</y-m>
			<z-m>-0.0011</z-m>
		</center>
	</animation>

	<!-- TEXT ANIMATON -->
	<!--   Funky valus calculated in Nasal/ct-156.nas -->
	<!--   Leading digits have select animation, last digit is always persistent -->

	<animation>
		<type>textranslate</type>
		<object-name>alt.ALT.001</object-name>
		<property>instrumentation/altimeter/indicated-altitude-ft-abs</property>
		<factor>0.00001</factor>
		<offset>0</offset>
		<step>10000</step>
		<scroll>10</scroll>
		<axis>
			<x>0</x>
			<y>-1</y>
			<z>0</z>
		</axis>
	</animation>
	<animation>
		<type>select</type>
		<object-name>alt.ALT.001</object-name>
		<condition>
			<greater-than>
				<property>instrumentation/altimeter/indicated-altitude-ft</property>
				<value>9999</value>
			</greater-than>
		</condition>
	</animation>
	<animation>
		<type>select</type>
		<object-name>alt.ALT.001.pos</object-name>
		<condition>
			<and>
				<less-than-equals>
					<property>instrumentation/altimeter/indicated-altitude-ft</property>
					<value>9999</value>
				</less-than-equals>
				<greater-than-equals>
					<property>instrumentation/altimeter/indicated-altitude-ft</property>
					<value>0</value>
				</greater-than-equals>
			</and>
		</condition>
	</animation>
	<animation>
		<type>select</type>
		<object-name>alt.ALT.001.neg</object-name>
		<condition>
			<less-than>
				<property>instrumentation/altimeter/indicated-altitude-ft</property>
				<value>0</value>
			</less-than>
		</condition>
	</animation>

	<animation>
		<type>textranslate</type>
		<object-name>alt.ALT.002</object-name>
		<property>instrumentation/altimeter/indicated-altitude-ft-abs</property>
		<factor>0.0001</factor>
		<offset>0</offset>
		<step>1000</step>
		<scroll>10</scroll>
		<axis>
			<x>0</x>
			<y>-1</y>
			<z>0</z>
		</axis>
	</animation>
	<animation>
		<type>select</type>
		<object-name>alt.ALT.002</object-name>
		<condition>
			<greater-than>
				<property>instrumentation/altimeter/indicated-altitude-ft</property>
				<value>999</value>
			</greater-than>
		</condition>
	</animation>
	<animation>
		<type>select</type>
		<object-name>alt.ALT.002.pos</object-name>
		<condition>
			<and>
				<less-than-equals>
					<property>instrumentation/altimeter/indicated-altitude-ft</property>
					<value>999</value>
				</less-than-equals>
				<greater-than-equals>
					<property>instrumentation/altimeter/indicated-altitude-ft</property>
					<value>0</value>
				</greater-than-equals>
			</and>
		</condition>
	</animation>
	<animation>
		<type>select</type>
		<object-name>alt.ALT.002.neg</object-name>
		<condition>
			<less-than>
				<property>instrumentation/altimeter/indicated-altitude-ft</property>
				<value>0</value>
			</less-than>
		</condition>
	</animation>

	<animation>
		<type>textranslate</type>
		<object-name>alt.ALT.003</object-name>
		<property>instrumentation/altimeter/indicated-altitude-ft-abs</property>
		<factor>0.001</factor>
		<offset>0</offset>
		<step>100</step>
		<scroll>10</scroll>
		<axis>
			<x>0</x>
			<y>-1</y>
			<z>0</z>
		</axis>
	</animation>

	<animation>
		<type>textranslate</type>
		<object-name>alt.ALT.004</object-name>
		<property>instrumentation/altimeter/indicated-altitude-ft-abs</property>
		<factor>0.01</factor>
		<offset>0</offset>
		<step>10</step>
		<scroll>1</scroll>
		<axis>
			<x>0</x>
			<y>-1</y>
			<z>0</z>
		</axis>
	</animation>

	<animation>
		<type>textranslate</type>
		<object-name>alt.ALT.005</object-name>
		<property>instrumentation/altimeter/indicated-altitude-ft-abs</property>
		<factor>0.1</factor>
		<offset>0</offset>
		<step>1</step>
		<scroll>0.1</scroll>
		<axis>
			<x>0</x>
			<y>-1</y>
			<z>0</z>
		</axis>
	</animation>

	<animation>
		<type>textranslate</type>
		<object-name>alt.MB.001</object-name>
		<property>/instrumentation/altimeter/millibars</property>
		<factor>0.0001</factor>
		<step>1000</step>
		<axis>
			<x>0</x>
			<y>-1</y>
			<z>0</z>
		</axis>
	</animation>

	<animation>
		<type>textranslate</type>
		<object-name>alt.MB.002</object-name>
		<property>/instrumentation/altimeter/millibars</property>
		<factor>0.001</factor>
		<step>100</step>
		<axis>
			<x>0</x>
			<y>-1</y>
			<z>0</z>
		</axis>
	</animation>

	<animation>
		<type>textranslate</type>
		<object-name>alt.MB.003</object-name>
		<property>/instrumentation/altimeter/millibars</property>
		<factor>0.01</factor>
		<step>10</step>
		<axis>
			<x>0</x>
			<y>-1</y>
			<z>0</z>
		</axis>
	</animation>

	<animation>
		<type>textranslate</type>
		<object-name>alt.MB.004</object-name>
		<property>/instrumentation/altimeter/millibars</property>
		<factor>0.1</factor>
		<step>1</step>
		<axis>
			<x>0</x>
			<y>-1</y>
			<z>0</z>
		</axis>
	</animation>

	<animation>
		<type>textranslate</type>
		<object-name>alt.IN.001</object-name>
		<property>/instrumentation/altimeter/setting-inhg</property>
		<factor>0.01</factor>
		<step>10</step>
		<axis>
			<x>0</x>
			<y>-1</y>
			<z>0</z>
		</axis>
	</animation>

	<animation>
		<type>textranslate</type>
		<object-name>alt.IN.002</object-name>
		<property>/instrumentation/altimeter/setting-inhg</property>
		<factor>0.1</factor>
		<step>1</step>
		<axis>
			<x>0</x>
			<y>-1</y>
			<z>0</z>
		</axis>
	</animation>

	<animation>
		<type>textranslate</type>
		<object-name>alt.IN.003</object-name>
		<property>/instrumentation/altimeter/setting-inhg</property>
		<factor>1</factor>
		<step>0.1</step>
		<axis>
			<x>0</x>
			<y>-1</y>
			<z>0</z>
		</axis>
	</animation>

	<animation>
		<type>textranslate</type>
		<object-name>alt.IN.004</object-name>
		<property>/instrumentation/altimeter/setting-inhg</property>
		<factor>10</factor>
		<step>0.01</step>
		<axis>
			<x>0</x>
			<y>-1</y>
			<z>0</z>
		</axis>
	</animation>

<!-- Hotspots -->

	<animation>
		<type>pick</type>
		<object-name>alt.knob.001</object-name>
		<action>
			<button>0</button>
			<button>3</button>
			<repeatable>true</repeatable>
			<interval-sec>0.2</interval-sec>
			<binding>
				<command>property-adjust</command>
				<property>instrumentation/altimeter/setting-inhg</property>
				<step>0.01</step>
				<min>26.0</min>
				<max>33.0</max>
				<wrap>false</wrap>
			</binding>
		</action>
	</animation>

	<animation>
		<type>pick</type>
		<object-name>alt.knob.001</object-name>
		<action>
			<button>1</button>
			<button>4</button>
			<repeatable>true</repeatable>
			<interval-sec>0.2</interval-sec>
			<binding>
				<command>property-adjust</command>
				<property>instrumentation/altimeter/setting-inhg</property>
				<step>-0.01</step>
				<min>26.0</min>
				<max>33.0</max>
				<wrap>false</wrap>
			</binding>
		</action>
	</animation>

	<animation>
		<type>pick</type>
		<object-name>alt.knob.002</object-name>
		<action>
			<button>0</button>
			<button>3</button>
			<repeatable>true</repeatable>
			<interval-sec>0.2</interval-sec>
			<binding>
				<command>property-adjust</command>
				<property>instrumentation/altimeter/setting-inhg</property>
				<step>0.05</step>
				<min>26.0</min>
				<max>33.0</max>
				<wrap>false</wrap>
			</binding>
		</action>
	</animation>

	<animation>
		<type>pick</type>
		<object-name>alt.knob.002</object-name>
		<action>
			<button>1</button>
			<button>4</button>
			<repeatable>true</repeatable>
			<interval-sec>0.2</interval-sec>
			<binding>
				<command>property-adjust</command>
				<property>instrumentation/altimeter/setting-inhg</property>
				<step>-0.05</step>
				<min>26.0</min>
				<max>33.0</max>
				<wrap>false</wrap>
			</binding>
		</action>
	</animation>
	
	<animation>
		<type>pick</type>
		<object-name>alt.button</object-name>
		<action>
			<button>0</button>
			<repeatable>true</repeatable>
			<interval-sec>0.2</interval-sec>
			<binding>
				<command>property-toggle</command>
				<property>instrumentation/altimeter/backlight</property>
				<value>true</value>
				<value>false</value>
			</binding>
		</action>
	</animation>

	<!-- LoD -->
	<animation>
		<type>range</type>
		<min-m>0</min-m>
		<max-m>10</max-m>
	</animation>

</PropertyList>
