<?xml version="1.0"?>
<PropertyList>

<!-- Author:  Rob Dosogne -->

	<path>fuel.ac</path>

	<!-- AMBIENT LIGHTING -->
	<!--   Set the mood, sun-angle-rad 1.62/1.57/1.39 is good for automatic night-mode -->

	<animation>
		<type>material</type>
		<object-name>fuel.glass</object-name>
		<object-name>fuel.needle.left</object-name>
		<object-name>fuel.needle.right</object-name>
		<object-name>fuel.TR.001</object-name>
		<object-name>fuel.TR.002</object-name>
		<object-name>fuel.TR.003</object-name>
		<object-name>fuel.ITT.001</object-name>
		<object-name>fuel.ITT.002</object-name>
		<object-name>fuel.ITT.003</object-name>
		<object-name>fuel.ITT.004</object-name>
		<object-name>fuel.N1.001</object-name>
		<object-name>fuel.N1.002</object-name>
		<object-name>fuel.N1.003</object-name>
		<object-name>fuel.CP.001</object-name> <!-- need to animate these -->
		<object-name>fuel.CP.002</object-name> <!-- " -->
		<object-name>fuel.CA.001</object-name> <!-- " -->
		<object-name>fuel.CA.002</object-name> <!-- " -->
		<object-name>fuel.CA.003</object-name> <!-- " -->
		<object-name>fuel.CA.004</object-name> <!-- " -->
		<object-name>fuel.FF.001</object-name>
		<object-name>fuel.FF.002</object-name>
		<object-name>fuel.FF.003</object-name>
		<object-name>fuel.FF.004</object-name>
		<condition>		
			<or>
				<equals>		
					<property>instrumentation/fuel/backlight</property>
					<value>true</value>
				</equals>
				<greater-than>		
					<property>/sim/time/sun-angle-rad</property>
					<value>1.57</value>
				</greater-than>
			</or>
		</condition>
		<emission>
			<red>0.007</red>
			<green>0.018</green>
			<blue>0.011</blue>
			<factor-prop>/systems/electrical/outputs/instrument-lights</factor-prop>
		</emission>
	</animation>

	<animation>
		<type>material</type>
		<object-name>fuel.button</object-name>
		<emission>
			<red>0.001</red>
			<green>0.001</green>
			<blue>0.001</blue>
			<factor-prop>/systems/electrical/outputs/instrument-lights</factor-prop>
		</emission>
	</animation>

	<!-- NEEDLE ANIMATON -->
	<!--   Remember:  Z  becomes -Y -->
	<!--              Y  becomes  Z -->

	<animation>
		<type>rotate</type>
		<object-name>fuel.needle.left</object-name>
		<property>consumables/fuel/tank[1]/level-lbs</property>
		<interpolation>
			<entry><ind>0</ind><dep>0</dep></entry>
			<entry><ind>700</ind><dep>124</dep></entry>
		</interpolation>
		<axis>
			<x>-1</x>
			<y>0</y>
			<z>0</z>
		</axis>
		<center>
			<x-m>0.0</x-m>
			<y-m>-0.0086</y-m>
			<z-m>-0.0144</z-m>
		</center>
	</animation>

	<animation>
		<type>rotate</type>
		<object-name>fuel.needle.right</object-name>
		<property>consumables/fuel/tank[2]/level-lbs</property>
		<interpolation>
			<entry><ind>0</ind><dep>0</dep></entry>
			<entry><ind>700</ind><dep>-124</dep></entry>
		</interpolation>
		<axis>
				<x>-1</x>
				<y>0</y>
				<z>0</z>
		</axis>
		<center>
			<x-m>0.0</x-m>
			<y-m>-0.0086</y-m>
			<z-m>-0.0144</z-m>
		</center>
	</animation>

	<!-- TEXT ANIMATON -->
	<!--   Funky values calculated in Nasal/ct-156.nas -->
	<!--   Leading digits have select animation, last digit is always persistent -->

	<animation>
		<type>textranslate</type>
		<object-name>fuel.TR.001</object-name>
		<property>engines/engine[0]/torque_p</property>
		<factor>0.001</factor>
		<step>100</step>
		<axis>
			<x>1</x>
			<y>0</y>
			<z>0</z>
		</axis>
	</animation>
	<animation>
		<type>select</type>
		<object-name>fuel.TR.001</object-name>
		<condition>
			<greater-than-equals>
				<property>engines/engine[0]/torque_p</property>
				<value>100</value>
			</greater-than-equals>
		</condition>
	</animation>

	<animation>
		<type>textranslate</type>
		<object-name>fuel.TR.002</object-name>
		<property>engines/engine[0]/torque_p</property>
		<factor>0.01</factor>
		<step>10</step>
		<axis>
			<x>1</x>
			<y>0</y>
			<z>0</z>
		</axis>
	</animation>
	<animation>
		<type>select</type>
		<object-name>fuel.TR.002</object-name>
		<condition>
			<greater-than-equals>
				<property>engines/engine[0]/torque_p</property>
				<value>10</value>
			</greater-than-equals>
		</condition>
	</animation>

	<animation>
		<type>textranslate</type>
		<object-name>fuel.TR.003</object-name>
		<property>engines/engine[0]/torque_p</property>
		<factor>0.1</factor>
		<step>1</step>
		<axis>
			<x>1</x>
			<y>0</y>
			<z>0</z>
		</axis>
	</animation>

	<animation>
		<type>textranslate</type>
		<object-name>fuel.ITT.001</object-name>
		<property>engines/engine[0]/itt-degc</property>
		<factor>0.0001</factor>
		<step>1000</step>
		<axis>
			<x>1</x>
			<y>0</y>
			<z>0</z>
		</axis>
	</animation>
	<animation>
		<type>select</type>
		<object-name>fuel.ITT.001</object-name>
		<condition>
			<greater-than-equals>
				<property>engines/engine[0]/itt-degc</property>
				<value>1000</value>
			</greater-than-equals>
		</condition>
	</animation>

	<animation>
		<type>textranslate</type>
		<object-name>fuel.ITT.002</object-name>
		<property>engines/engine[0]/itt-degc</property>
		<factor>0.001</factor>
		<step>100</step>
		<axis>
			<x>1</x>
			<y>0</y>
			<z>0</z>
		</axis>
	</animation>
	<animation>
		<type>select</type>
		<object-name>fuel.ITT.002</object-name>
		<condition>
			<greater-than-equals>
				<property>engines/engine[0]/itt-degc</property>
				<value>100</value>
			</greater-than-equals>
		</condition>
	</animation>

	<animation>
		<type>textranslate</type>
		<object-name>fuel.ITT.003</object-name>
		<property>engines/engine[0]/itt-degc</property>
		<factor>0.01</factor>
		<step>10</step>
		<axis>
			<x>1</x>
			<y>0</y>
			<z>0</z>
		</axis>
	</animation>
	<animation>
		<type>select</type>
		<object-name>fuel.ITT.003</object-name>
		<condition>
			<greater-than-equals>
				<property>engines/engine[0]/itt-degc</property>
				<value>10</value>
			</greater-than-equals>
		</condition>
	</animation>

	<animation>
		<type>textranslate</type>
		<object-name>fuel.ITT.004</object-name>
		<property>engines/engine[0]/itt-degc</property>
		<factor>0.1</factor>
		<step>1</step>
		<axis>
			<x>1</x>
			<y>0</y>
			<z>0</z>
		</axis>
	</animation>

	<animation>
		<type>textranslate</type>
		<object-name>fuel.N1.001</object-name>
		<property>engines/engine[0]/n1</property>
		<factor>0.001</factor>
		<step>100</step>
		<axis>
			<x>1</x>
			<y>0</y>
			<z>0</z>
		</axis>
	</animation>
	<animation>
		<type>select</type>
		<object-name>fuel.N1.001</object-name>
		<condition>
			<greater-than-equals>
				<property>engines/engine[0]/n1</property>
				<value>100</value>
			</greater-than-equals>
		</condition>
	</animation>
	
	<animation>
		<type>textranslate</type>
		<object-name>fuel.N1.002</object-name>
		<property>engines/engine[0]/n1</property>
		<factor>0.01</factor>
		<step>10</step>
		<axis>
			<x>1</x>
			<y>0</y>
			<z>0</z>
		</axis>
	</animation>
	<animation>
		<type>select</type>
		<object-name>fuel.N1.002</object-name>
		<condition>
			<greater-than-equals>
				<property>engines/engine[0]/n1</property>
				<value>10</value>
			</greater-than-equals>
		</condition>
	</animation>

	<animation>
		<type>textranslate</type>
		<object-name>fuel.N1.003</object-name>
		<property>engines/engine[0]/n1</property>
		<factor>0.1</factor>
		<step>1</step>
		<axis>
			<x>1</x>
			<y>0</y>
			<z>0</z>
		</axis>
	</animation>

	<animation>
		<type>textranslate</type>
		<object-name>fuel.FF.001</object-name>
		<property>engines/engine[0]/fuel-flow_pph</property>
		<factor>0.0001</factor>
		<step>1000</step>
		<axis>
			<x>1</x>
			<y>0</y>
			<z>0</z>
		</axis>
	</animation>
	<animation>
		<type>select</type>
		<object-name>fuel.FF.001</object-name>
		<condition>
			<greater-than-equals>
				<property>engines/engine[0]/fuel-flow_pph</property>
				<value>1000</value>
			</greater-than-equals>
		</condition>
	</animation>

	<animation>
		<type>textranslate</type>
		<object-name>fuel.FF.002</object-name>
		<property>engines/engine[0]/fuel-flow_pph</property>
		<factor>0.001</factor>
		<step>100</step>
		<axis>
			<x>1</x>
			<y>0</y>
			<z>0</z>
		</axis>
	</animation>
	<animation>
		<type>select</type>
		<object-name>fuel.FF.002</object-name>
		<condition>
			<greater-than-equals>
				<property>engines/engine[0]/fuel-flow_pph</property>
				<value>100</value>
			</greater-than-equals>
		</condition>
	</animation>

		<animation>
		<type>textranslate</type>
		<object-name>fuel.FF.003</object-name>
		<property>engines/engine[0]/fuel-flow_pph</property>
		<factor>0.01</factor>
		<step>10</step>
		<axis>
			<x>1</x>
			<y>0</y>
			<z>0</z>
		</axis>
	</animation>
	<animation>
		<type>select</type>
		<object-name>fuel.FF.003</object-name>
		<condition>
			<greater-than-equals>
				<property>engines/engine[0]/fuel-flow_pph</property>
				<value>10</value>
			</greater-than-equals>
		</condition>
	</animation>

	<animation>
		<type>textranslate</type>
		<object-name>fuel.FF.004</object-name>
		<property>engines/engine[0]/fuel-flow_pph</property>
		<factor>0.1</factor>
		<step>1</step>
		<axis>
			<x>1</x>
			<y>0</y>
			<z>0</z>
		</axis>
	</animation>

	<animation>
		<type>textranslate</type>
		<object-name>fuel.CP.001</object-name>
		<property>/environment/pressure-psi</property>
		<factor>0.1</factor>
		<step>1</step>
		<axis>
			<x>1</x>
			<y>0</y>
			<z>0</z>
		</axis>
	</animation>

	<animation>
		<type>textranslate</type>
		<object-name>fuel.CP.002</object-name>
		<property>/environment/pressure-psi</property>
		<factor>1</factor>
		<step>0.1</step>
		<axis>
			<x>1</x>
			<y>0</y>
			<z>0</z>
		</axis>
	</animation>

	<animation>
		<type>pick</type>
		<object-name>fuel.button</object-name>
		<action>
			<button>0</button>
			<repeatable>true</repeatable>
			<interval-sec>0.2</interval-sec>
			<binding>
				<command>property-toggle</command>
				<property>instrumentation/fuel/backlight</property>
				<value>true</value>
				<value>false</value>
			</binding>
		</action>
	</animation>

	<!-- LoD -->
	<animation>
		<type>range</type>
		<min-m>0</min-m>
		<max-m>10</max-m>
	</animation>

</PropertyList>
