<?xml version="1.0"?>

<!-- by Petar jedvaj -->

<PropertyList>

	<path>Compass.ac</path>

	<animation>
		<type>rotate</type>
		<object-name>ring</object-name>
		<property>instrumentation/magnetic-compass/indicated-heading-deg</property>
		<center>
			<x-m></x-m>
			<y-m>0</y-m>
			<z-m>0</z-m>
		</center> 
		<axis>
			<x>0</x>
			<y>0</y>
			<z>1</z>
		</axis>
	</animation>

	<animation> 
	<type>material</type>
	<object-name>ring</object-name>
	<object-name>reticl</object-name>
		<condition>		
			<greater-than>		
				<property>/sim/time/sun-angle-rad</property>
				<value>1.57</value>
			</greater-than>
		</condition>
			<emission>
				<red>0.007</red>
				<green>0.018</green>
				<blue>0.011</blue>
				<factor-prop>/systems/electrical/outputs/instrument-lights</factor-prop>
			</emission>
	</animation>

	<animation>
		<type>range</type>
		<min-m>0</min-m>
		<max-m>5</max-m>
	</animation>

</PropertyList>