<?xml version="1.0"?>
<PropertyList>

<!-- Author:  Rob Dosogne -->

	<path>aoa.ac</path>

	<!-- AMBIENT LIGHTING -->
	<!--   Set the mood, sun-angle-rad 1.62/1.57/1.39 is good for automatic night-mode -->

	<animation>
		<type>material</type>
		<object-name>aoa.glass</object-name>
		<object-name>aoa.needle</object-name>
		<condition>		
			<or>
				<equals>		
					<property>instrumentation/airspeed-indicator/backlight</property>
					<value>true</value>
				</equals>
				<greater-than>		
					<property>/sim/time/sun-angle-rad</property>
					<value>1.57</value>
				</greater-than>
			</or>
		</condition>
		<emission>
			<red>0.009</red>
			<green>0.009</green>
			<blue>0.004</blue>
			<factor-prop>/systems/electrical/outputs/instrument-lights</factor-prop>
		</emission>
	</animation>

	<!-- NEEDLE ANIMATON -->
	<!--   Remember:  Z  becomes -Y -->
	<!--              Y  becomes  Z -->

	<animation>
		<type>rotate</type>
		<object-name>aoa.needle</object-name>
		<property>orientation/alpha-deg</property>
		<interpolation>
			<entry><ind>-1</ind><dep>0</dep></entry>
			<entry><ind>0</ind><dep>10</dep></entry>
			<entry><ind>3</ind><dep>45.5</dep></entry>
			<entry><ind>6</ind><dep>81</dep></entry>
			<entry><ind>9</ind><dep>118.5</dep></entry>
			<entry><ind>12</ind><dep>154.5</dep></entry>
			<entry><ind>15</ind><dep>190</dep></entry>
			<entry><ind>18</ind><dep>226</dep></entry>
		</interpolation>
		<axis>
			<x>1</x>
			<y>0</y>
			<z>0</z>
		</axis>
		<center>
			<x-m>0</x-m>
			<y-m>0</y-m>
			<z-m>0</z-m>
		</center>
	</animation>

	<!-- LoD -->
	<animation>
		<type>range</type>
		<min-m>0</min-m>
		<max-m>10</max-m>
	</animation>

</PropertyList>
