<?xml version="1.0"?>
<PropertyList>

<!-- Author:  Rob Dosogne -->

	<path>caution.ac</path>

	<!-- AMBIENT LIGHTING -->
	<!-- white instead of aqua; always on for Caution Panel -->

	<animation>
		<type>material</type>
		<object-name>caution.trim_off</object-name>
		<object-name>caution.boost_pump</object-name>
		<object-name>caution.anti_ice</object-name>
		<object-name>caution.tad_off</object-name>
		<object-name>caution.st_ready</object-name>
		<object-name>caution.m_fuel_bal</object-name>
		<object-name>caution.ign_sel</object-name>
		<object-name>caution.duct_temp</object-name>
		<object-name>caution.r_fuel_lo</object-name>
		<object-name>caution.l_fuel_lo</object-name>
		<object-name>caution.fuel_bal</object-name>
		<object-name>caution.pmu_status</object-name>
		<object-name>caution.ehydr_px_lo</object-name>
		<object-name>caution.tad_fail</object-name>
		<object-name>caution.obogs_temp</object-name>
		<object-name>caution.bus_tie</object-name>
		<object-name>caution.null2</object-name>
		<object-name>caution.hydr_fl_lo</object-name>
		<object-name>caution.null1</object-name>
		<object-name>caution.ckpt_alt</object-name>
		<object-name>caution.canopy</object-name>
		<object-name>caution.fuel_px</object-name>
		<object-name>caution.oil_px</object-name>
		<object-name>caution.obogs_fail</object-name>
		<object-name>caution.chip</object-name>
		<object-name>caution.ckpt_px</object-name>
		<object-name>caution.gen</object-name>
		<object-name>caution.pmu_fail</object-name>
		<object-name>caution.gen_bus</object-name>
		<object-name>caution.bat_bus</object-name>
		<emission>
			<red>0.018</red>
			<green>0.018</green>
			<blue>0.018</blue>
			<factor-prop>/systems/electrical/outputs/instrument-lights</factor-prop>
		</emission>
	</animation>
	
	<animation>
		<type>select</type>
		<object-name>caution.trim_off</object-name>
		<condition>
			<equals>
				<property>instrumentation/caution/trim_off</property>
				<value>1</value>
			</equals>
		</condition>
	</animation>

	<animation>
		<type>select</type>
		<object-name>caution.boost_pump</object-name>
		<condition>
			<equals>
				<property>instrumentation/caution/boost_pump</property>
				<value>1</value>
			</equals>
		</condition>
	</animation>

	<animation>
		<type>select</type>
		<object-name>caution.anti_ice</object-name>
		<condition>
			<equals>
				<property>instrumentation/caution/anti_ice</property>
				<value>1</value>
			</equals>
		</condition>
	</animation>

	<animation>
		<type>select</type>
		<object-name>caution.tad_off</object-name>
		<condition>
			<equals>
				<property>instrumentation/caution/tad_off</property>
				<value>1</value>
			</equals>
		</condition>
	</animation>

	<animation>
		<type>select</type>
		<object-name>caution.st_ready</object-name>
		<condition>
			<equals>
				<property>instrumentation/caution/st_ready</property>
				<value>1</value>
			</equals>
		</condition>
	</animation>

	<animation>
		<type>select</type>
		<object-name>caution.m_fuel_bal</object-name>
		<condition>
			<equals>
				<property>instrumentation/caution/m_fuel_bal</property>
				<value>1</value>
			</equals>
		</condition>
	</animation>

	<animation>
		<type>select</type>
		<object-name>caution.ign_sel</object-name>
		<condition>
			<equals>
				<property>instrumentation/caution/ign_sel</property>
				<value>1</value>
			</equals>
		</condition>
	</animation>

	<animation>
		<type>select</type>
		<object-name>caution.duct_temp</object-name>
		<condition>
			<equals>
				<property>instrumentation/caution/duct_temp</property>
				<value>1</value>
			</equals>
		</condition>
	</animation>

	<animation>
		<type>select</type>
		<object-name>caution.r_fuel_lo</object-name>
		<condition>
			<less-than>
				<property>consumables/fuel/tank[2]/level-lbs</property>
				<value>110</value>
			</less-than>
		</condition>
	</animation>

	<animation>
		<type>select</type>
		<object-name>caution.l_fuel_lo</object-name>
		<condition>
			<less-than>
				<property>consumables/fuel/tank[1]/level-lbs</property>
				<value>110</value>
			</less-than>
		</condition>
	</animation>

	<animation>
		<type>select</type>
		<object-name>caution.fuel_bal</object-name>
		<condition>
			<equals>
				<property>instrumentation/caution/fuel_bal</property>
				<value>1</value>
			</equals>
		</condition>
	</animation>

	<animation>
		<type>select</type>
		<object-name>caution.pmu_status</object-name>
		<condition>
			<equals>
				<property>instrumentation/caution/pmu_status</property>
				<value>1</value>
			</equals>
		</condition>
	</animation>

	<animation>
		<type>select</type>
		<object-name>caution.ehydr_px_lo</object-name>
		<condition>
			<equals>
				<property>instrumentation/caution/ehydr_px_lo</property>
				<value>1</value>
			</equals>
		</condition>
	</animation>

	<animation>
		<type>select</type>
		<object-name>caution.tad_fail</object-name>
		<condition>
			<equals>
				<property>instrumentation/caution/tad_fail</property>
				<value>1</value>
			</equals>
		</condition>
	</animation>

	<animation>
		<type>select</type>
		<object-name>caution.obogs_temp</object-name>
		<condition>
			<equals>
				<property>instrumentation/caution/obogs_temp</property>
				<value>1</value>
			</equals>
		</condition>
	</animation>

	<animation>
		<type>select</type>
		<object-name>caution.bus_tie</object-name>
		<condition>
			<equals>
				<property>instrumentation/caution/bus_tie</property>
				<value>1</value>
			</equals>
		</condition>
	</animation>

	<animation>
		<type>select</type>
		<object-name>caution.null2</object-name>
		<condition>
			<equals>
				<property>instrumentation/caution/null2</property>
				<value>1</value>
			</equals>
		</condition>
	</animation>

	<animation>
		<type>select</type>
		<object-name>caution.hydr_fl_lo</object-name>
		<condition>
			<equals>
				<property>instrumentation/caution/hydr_fl_lo</property>
				<value>1</value>
			</equals>
		</condition>
	</animation>

	<animation>
		<type>select</type>
		<object-name>caution.null1</object-name>
		<condition>
			<equals>
				<property>instrumentation/caution/null1</property>
				<value>1</value>
			</equals>
		</condition>
	</animation>

	<animation>
		<type>select</type>
		<object-name>caution.ckpt_alt</object-name>
		<condition>
			<equals>
				<property>instrumentation/caution/ckpt_alt</property>
				<value>1</value>
			</equals>
		</condition>
	</animation>

	<animation>
		<type>select</type>
		<object-name>caution.canopy</object-name>
		<condition>
			<equals>
				<property>fdm/jsbsim/systems/canopy/command</property>
				<value>1</value>
			</equals>
		</condition>
	</animation>

	<animation>
		<type>select</type>
		<object-name>caution.fuel_px</object-name>
		<condition>
			<equals>
				<property>instrumentation/caution/fuel_px</property>
				<value>1</value>
			</equals>
		</condition>
	</animation>

	<animation>
		<type>select</type>
		<object-name>caution.oil_px</object-name>
		<condition>
			<equals>
				<property>instrumentation/caution/oil_px</property>
				<value>1</value>
			</equals>
		</condition>
	</animation>

	<animation>
		<type>select</type>
		<object-name>caution.obogs_fail</object-name>
		<condition>
			<equals>
				<property>instrumentation/caution/obogs_fail</property>
				<value>1</value>
			</equals>
		</condition>
	</animation>

	<animation>
		<type>select</type>
		<object-name>caution.chip</object-name>
		<condition>
			<equals>
				<property>instrumentation/caution/chip</property>
				<value>1</value>
			</equals>
		</condition>
	</animation>

	<animation>
		<type>select</type>
		<object-name>caution.ckpt_px</object-name>
		<condition>
			<equals>
				<property>instrumentation/caution/ckpt_px</property>
				<value>1</value>
			</equals>
		</condition>
	</animation>

	<animation>
		<type>select</type>
		<object-name>caution.gen</object-name>
		<condition>
			<equals>
				<property>instrumentation/caution/gen</property>
				<value>1</value>
			</equals>
		</condition>
	</animation>

	<animation>
		<type>select</type>
		<object-name>caution.pmu_fail</object-name>
		<condition>
			<equals>
				<property>instrumentation/caution/pmu_fail</property>
				<value>1</value>
			</equals>
		</condition>
	</animation>

	<animation>
		<type>select</type>
		<object-name>caution.gen_bus</object-name>
		<condition>
			<equals>
				<property>instrumentation/caution/gen_bus</property>
				<value>1</value>
			</equals>
		</condition>
	</animation>

	<animation>
		<type>select</type>
		<object-name>caution.bat_bus</object-name>
		<condition>
			<equals>
				<property>instrumentation/caution/bat_bus</property>
				<value>1</value>
			</equals>
		</condition>
	</animation>

	<!-- LoD -->
	<animation>
		<type>range</type>
		<min-m>0</min-m>
		<max-m>10</max-m>
	</animation>

</PropertyList>
