<?xml version="1.0"?>
<PropertyList>

<!-- Author:  Rob Dosogne -->

	<path>oil.ac</path>

	<!-- AMBIENT LIGHTING -->
	<!--   Set the mood, sun-angle-rad 1.62/1.57/1.39 is good for automatic night-mode -->

	<animation>
		<type>material</type>
		<object-name>oil.glass</object-name>
		<object-name>oil.needle.temp</object-name>
		<object-name>oil.needle.psi</object-name>
		<object-name>oil.needle.hp</object-name>
		<object-name>oil.TEMP.001</object-name>
		<object-name>oil.TEMP.002</object-name>
		<object-name>oil.TEMP.003</object-name>
		<object-name>oil.PSI.001</object-name>
		<object-name>oil.PSI.002</object-name>
		<object-name>oil.PSI.003</object-name>
		<object-name>oil.HP.001</object-name> <!-- write system for this -->
		<object-name>oil.HP.002</object-name> <!-- " -->
		<object-name>oil.HP.003</object-name> <!-- " -->
		<object-name>oil.HP.004</object-name> <!-- " -->
		<object-name>oil.V.001</object-name> <!-- " -->
		<object-name>oil.V.002</object-name> <!-- " -->
		<object-name>oil.V.003</object-name> <!-- " -->
		<object-name>oil.A.001</object-name> <!-- " -->
		<object-name>oil.A.002</object-name> <!-- " -->
		<object-name>oil.A.003</object-name> <!-- " -->
		<condition>		
			<or>
				<equals>		
					<property>instrumentation/oil/backlight</property>
					<value>true</value>
				</equals>
				<greater-than>		
					<property>/sim/time/sun-angle-rad</property>
					<value>1.57</value>
				</greater-than>
			</or>
		</condition>
		<emission>
			<red>0.007</red>
			<green>0.018</green>
			<blue>0.011</blue>
			<factor-prop>/systems/electrical/outputs/instrument-lights</factor-prop>
		</emission>
	</animation>

	<animation>
		<type>material</type>
		<object-name>oil.button</object-name>
		<emission>
			<red>0.001</red>
			<green>0.001</green>
			<blue>0.001</blue>
			<factor-prop>/systems/electrical/outputs/instrument-lights</factor-prop>
		</emission>
	</animation>

	<!-- NEEDLE ANIMATON -->
	<!--   Remember:  Z  becomes -Y -->
	<!--              Y  becomes  Z -->

	<animation>
		<type>rotate</type>
		<object-name>oil.needle.temp</object-name>
		<property>engines/engine[0]/oil-temperature-degc</property>
		<interpolation>
			<entry><ind>0</ind><dep>0</dep></entry>
			<entry><ind>110</ind><dep>247.5</dep></entry>
		</interpolation>
		<axis>
			<x>-1</x>
			<y>0</y>
			<z>0</z>
		</axis>
		<center>
			<x-m>0.0</x-m>
			<y-m>-0.0182</y-m>
			<z-m>0.0187</z-m>
		</center>
	</animation>

	<animation>
		<type>rotate</type>
		<object-name>oil.needle.psi</object-name>
		<property>engines/engine[0]/oil-pressure-psi</property>
		<interpolation>
			<entry><ind>0</ind><dep>0</dep></entry>
			<entry><ind>200</ind><dep>270</dep></entry>
		</interpolation>
		<axis>
				<x>-1</x>
				<y>0</y>
				<z>0</z>
		</axis>
		<center>
			<x-m>0.0</x-m>
			<y-m>0.0190</y-m>
			<z-m>0.0187</z-m>
		</center>
	</animation>

	<animation>
		<type>rotate</type>
		<object-name>oil.needle.hp</object-name>
		<property>engines/engine[0]/n1</property> <!-- need to write a system for this? -->
		<interpolation>
			<entry><ind>2400</ind><dep>0.0</dep></entry>
			<entry><ind>3300</ind><dep>270</dep></entry>
		</interpolation>
		<axis>
			<x>-1</x>
			<y>0</y>
			<z>0</z>
		</axis>
		<center>
			<x-m>0.0</x-m>
			<y-m>-0.0182</y-m>
			<z-m>-0.0123</z-m>
		</center>
	</animation>

	<!-- TEXT ANIMATON -->
	<!--   Funky values calculated in Nasal/ct-156.nas -->
	<!--   Leading digits have select animation, last digit is always persistent -->

	<animation>
		<type>textranslate</type>
		<object-name>oil.TEMP.001</object-name>
		<property>engines/engine[0]/oil-temperature-degc</property>
		<factor>0.001</factor>
		<step>100</step>
		<axis>
			<x>1</x>
			<y>0</y>
			<z>0</z>
		</axis>
	</animation>
	<animation>
		<type>select</type>
		<object-name>oil.TEMP.001</object-name>
		<condition>
			<greater-than-equals>
				<property>engines/engine[0]/oil-temperature-degc</property>
				<value>100</value>
			</greater-than-equals>
		</condition>
	</animation>

	<animation>
		<type>textranslate</type>
		<object-name>oil.TEMP.002</object-name>
		<property>engines/engine[0]/oil-temperature-degc</property>
		<factor>0.01</factor>
		<step>10</step>
		<axis>
			<x>1</x>
			<y>0</y>
			<z>0</z>
		</axis>
	</animation>
	<animation>
		<type>select</type>
		<object-name>oil.TEMP.002</object-name>
		<condition>
			<greater-than-equals>
				<property>engines/engine[0]/oil-temperature-degc</property>
				<value>10</value>
			</greater-than-equals>
		</condition>
	</animation>

	<animation>
		<type>textranslate</type>
		<object-name>oil.TEMP.003</object-name>
		<property>engines/engine[0]/oil-temperature-degc</property>
		<factor>0.1</factor>
		<step>1</step>
		<axis>
			<x>1</x>
			<y>0</y>
			<z>0</z>
		</axis>
	</animation>

	<animation>
		<type>textranslate</type>
		<object-name>oil.PSI.001</object-name>
		<property>engines/engine[0]/oil-pressure-psi</property>
		<factor>0.001</factor>
		<step>100</step>
		<axis>
			<x>1</x>
			<y>0</y>
			<z>0</z>
		</axis>
	</animation>
	<animation>
		<type>select</type>
		<object-name>oil.PSI.001</object-name>
		<condition>
			<greater-than-equals>
				<property>engines/engine[0]/oil-pressure-psi</property>
				<value>100</value>
			</greater-than-equals>
		</condition>
	</animation>

	<animation>
		<type>textranslate</type>
		<object-name>oil.PSI.002</object-name>
		<property>engines/engine[0]/oil-pressure-psi</property>
		<factor>0.01</factor>
		<step>10</step>
		<axis>
			<x>1</x>
			<y>0</y>
			<z>0</z>
		</axis>
	</animation>
	<animation>
		<type>select</type>
		<object-name>oil.PSI.002</object-name>
		<condition>
			<greater-than-equals>
				<property>engines/engine[0]/oil-pressure-psi</property>
				<value>10</value>
			</greater-than-equals>
		</condition>
	</animation>

	<animation>
		<type>textranslate</type>
		<object-name>oil.PSI.003</object-name>
		<property>engines/engine[0]/oil-pressure-psi</property>
		<factor>0.1</factor>
		<step>1</step>
		<axis>
			<x>1</x>
			<y>0</y>
			<z>0</z>
		</axis>
	</animation>



	<animation>
		<type>pick</type>
		<object-name>oil.button</object-name>
		<action>
			<button>0</button>
			<repeatable>true</repeatable>
			<interval-sec>0.2</interval-sec>
			<binding>
				<command>property-toggle</command>
				<property>instrumentation/oil/backlight</property>
				<value>true</value>
				<value>false</value>
			</binding>
		</action>
	</animation>

	<!-- LoD -->
	<animation>
		<type>range</type>
		<min-m>0</min-m>
		<max-m>10</max-m>
	</animation>

</PropertyList>
