<?xml version="1.0"?>
<PropertyList>

<!-- Author:  Rob Dosogne -->

	<path>engine.ac</path>

	<!-- AMBIENT LIGHTING -->
	<!--   Set the mood, sun-angle-rad 1.62/1.57/1.39 is good for automatic night-mode -->

	<animation>
		<type>material</type>
		<object-name>engine.glass</object-name>
		<object-name>engine.needle.torque</object-name>
		<object-name>engine.needle.itt</object-name>
		<object-name>engine.needle.n1</object-name>
		<object-name>engine.TR.001</object-name>
		<object-name>engine.TR.002</object-name>
		<object-name>engine.TR.003</object-name>
		<object-name>engine.ITT.001</object-name>
		<object-name>engine.ITT.002</object-name>
		<object-name>engine.ITT.003</object-name>
		<object-name>engine.N1.001</object-name>
		<object-name>engine.N1.002</object-name>
		<object-name>engine.N1.003</object-name>
		<object-name>engine.OAT.001</object-name>
		<object-name>engine.OAT.002</object-name>
		<object-name>engine.NP.001</object-name>
		<object-name>engine.NP.002</object-name>
		<object-name>engine.NP.003</object-name>
		<condition>		
			<or>
				<equals>		
					<property>instrumentation/engine/backlight</property>
					<value>true</value>
				</equals>
				<greater-than>		
					<property>/sim/time/sun-angle-rad</property>
					<value>1.57</value>
				</greater-than>
			</or>
		</condition>
		<emission>
			<red>0.007</red>
			<green>0.018</green>
			<blue>0.011</blue>
			<factor-prop>/systems/electrical/outputs/instrument-lights</factor-prop>
		</emission>
	</animation>

	<animation>
		<type>material</type>
		<object-name>engine.button</object-name>
		<emission>
			<red>0.001</red>
			<green>0.001</green>
			<blue>0.001</blue>
			<factor-prop>/systems/electrical/outputs/instrument-lights</factor-prop>
		</emission>
	</animation>

	<!-- NEEDLE ANIMATON -->
	<!--   Remember:  Z  becomes -Y -->
	<!--              Y  becomes  Z -->

	<animation>
		<type>rotate</type>
		<object-name>engine.needle.torque</object-name>
		<property>engines/engine[0]/thruster/torque</property> <!-- engines/engine[0]/thrust_lb -->
		<interpolation>
			<entry><ind>0.0</ind><dep>0.0</dep></entry>
			<entry><ind>-2900.0</ind><dep>247.0</dep></entry> <!-- 3500 -->
		</interpolation>
		<axis>
			<x>-1</x>
			<y>0</y>
			<z>0</z>
		</axis>
		<center>
			<x-m>0.0</x-m>
			<y-m>-0.0077</y-m>
			<z-m>0.0090</z-m>
		</center>
	</animation>

	<animation>
		<type>rotate</type>
		<object-name>engine.needle.itt</object-name>
		<property>engines/engine[0]/itt-degc</property>
		<interpolation>
			<entry><ind>250.0</ind><dep>0.0</dep></entry> <!-- 250 -->
			<entry><ind>1000.0</ind><dep>185.0</dep></entry> <!-- 900 -->
		</interpolation>
		<axis>
				<x>-1</x>
				<y>0</y>
				<z>0</z>
		</axis>
		<center>
			<x-m>0.0</x-m>
			<y-m>-0.0150</y-m>
			<z-m>-0.0220</z-m>
		</center>
	</animation>

	<animation>
		<type>rotate</type>
		<object-name>engine.needle.n1</object-name>
		<property>engines/engine[0]/n1</property>
		<interpolation>
			<entry><ind>0.0</ind><dep>0.0</dep></entry>
			<entry><ind>104.0</ind><dep>265.0</dep></entry>
		</interpolation>
		<axis>
			<x>-1</x>
			<y>0</y>
			<z>0</z>
		</axis>
		<center>
			<x-m>0.0</x-m>
			<y-m>0.0172</y-m>
			<z-m>-0.0219</z-m>
		</center>
	</animation>

	<!-- TEXT ANIMATON -->
	<!--   Funky values calculated in Nasal/ct-156.nas -->
	<!--   Leading digits have select animation, last digit is always persistent -->

	<animation>
		<type>textranslate</type>
		<object-name>engine.OAT.001</object-name>
		<property>environment/temperature-degc</property>
		<factor>0.01</factor>
		<step>10</step>
		<axis>
			<x>1</x>
			<y>0</y>
			<z>0</z>
		</axis>
	</animation>
	<animation>
		<type>select</type>
		<object-name>engine.OAT.001</object-name>
		<condition>
			<greater-than-equals>
				<property>environment/temperature-degc</property>
				<value>10</value>
			</greater-than-equals>
		</condition>
	</animation>

	<animation>
		<type>textranslate</type>
		<object-name>engine.OAT.002</object-name>
		<property>environment/temperature-degc</property>
		<factor>0.1</factor>
		<step>1</step>
		<axis>
			<x>1</x>
			<y>0</y>
			<z>0</z>
		</axis>
	</animation>

	<animation>
		<type>textranslate</type>
		<object-name>engine.TR.001</object-name>
		<property>engines/engine[0]/torque_p</property>
		<factor>0.001</factor>
		<step>100</step>
		<axis>
			<x>1</x>
			<y>0</y>
			<z>0</z>
		</axis>
	</animation>
	<animation>
		<type>select</type>
		<object-name>engine.TR.001</object-name>
		<condition>
			<greater-than-equals>
				<property>engines/engine[0]/torque_p</property>
				<value>100</value>
			</greater-than-equals>
		</condition>
	</animation>

	<animation>
		<type>textranslate</type>
		<object-name>engine.TR.002</object-name>
		<property>engines/engine[0]/torque_p</property>
		<factor>0.01</factor>
		<step>10</step>
		<axis>
			<x>1</x>
			<y>0</y>
			<z>0</z>
		</axis>
	</animation>
	<animation>
		<type>select</type>
		<object-name>engine.TR.002</object-name>
		<condition>
			<greater-than-equals>
				<property>engines/engine[0]/torque_p</property>
				<value>10</value>
			</greater-than-equals>
		</condition>
	</animation>

	<animation>
		<type>textranslate</type>
		<object-name>engine.TR.003</object-name>
		<property>engines/engine[0]/torque_p</property>
		<factor>0.1</factor>
		<step>1</step>
		<axis>
			<x>1</x>
			<y>0</y>
			<z>0</z>
		</axis>
	</animation>

	<animation>
		<type>textranslate</type>
		<object-name>engine.ITT.001</object-name>
		<property>engines/engine[0]/itt-degc</property>
		<factor>0.001</factor>
		<step>100</step>
		<axis>
			<x>1</x>
			<y>0</y>
			<z>0</z>
		</axis>
	</animation>
	<animation>
		<type>select</type>
		<object-name>engine.ITT.001</object-name>
		<condition>
			<greater-than-equals>
				<property>engines/engine[0]/itt-degc</property>
				<value>100</value>
			</greater-than-equals>
		</condition>
	</animation>

	<animation>
		<type>textranslate</type>
		<object-name>engine.ITT.002</object-name>
		<property>engines/engine[0]/itt-degc</property>
		<factor>0.01</factor>
		<step>10</step>
		<axis>
			<x>1</x>
			<y>0</y>
			<z>0</z>
		</axis>
	</animation>
	<animation>
		<type>select</type>
		<object-name>engine.ITT.002</object-name>
		<condition>
			<greater-than-equals>
				<property>engines/engine[0]/itt-degc</property>
				<value>10</value>
			</greater-than-equals>
		</condition>
	</animation>

	<animation>
		<type>textranslate</type>
		<object-name>engine.ITT.003</object-name>
		<property>engines/engine[0]/itt-degc</property>
		<factor>0.1</factor>
		<step>1</step>
		<axis>
			<x>1</x>
			<y>0</y>
			<z>0</z>
		</axis>
	</animation>

	<animation>
		<type>textranslate</type>
		<object-name>engine.N1.001</object-name>
		<property>engines/engine[0]/n1</property>
		<factor>0.001</factor>
		<step>100</step>
		<axis>
			<x>1</x>
			<y>0</y>
			<z>0</z>
		</axis>
	</animation>
	<animation>
		<type>select</type>
		<object-name>engine.N1.001</object-name>
		<condition>
			<greater-than-equals>
				<property>engines/engine[0]/n1</property>
				<value>100</value>
			</greater-than-equals>
		</condition>
	</animation>
	
	<animation>
		<type>textranslate</type>
		<object-name>engine.N1.002</object-name>
		<property>engines/engine[0]/n1</property>
		<factor>0.01</factor>
		<step>10</step>
		<axis>
			<x>1</x>
			<y>0</y>
			<z>0</z>
		</axis>
	</animation>
	<animation>
		<type>select</type>
		<object-name>engine.N1.002</object-name>
		<condition>
			<greater-than-equals>
				<property>engines/engine[0]/n1</property>
				<value>10</value>
			</greater-than-equals>
		</condition>
	</animation>

	<animation>
		<type>textranslate</type>
		<object-name>engine.N1.003</object-name>
		<property>engines/engine[0]/n1</property>
		<factor>0.1</factor>
		<step>1</step>
		<axis>
			<x>1</x>
			<y>0</y>
			<z>0</z>
		</axis>
	</animation>

	<animation>
		<type>textranslate</type>
		<object-name>engine.NP.001</object-name>
		<property>engines/engine[0]/np</property>
		<factor>0.001</factor>
		<step>100</step>
		<axis>
			<x>1</x>
			<y>0</y>
			<z>0</z>
		</axis>
	</animation>
	<animation>
		<type>select</type>
		<object-name>engine.NP.001</object-name>
		<condition>
			<greater-than-equals>
				<property>engines/engine[0]/np</property>
				<value>100</value>
			</greater-than-equals>
		</condition>
	</animation>

	<animation>
		<type>textranslate</type>
		<object-name>engine.NP.002</object-name>
		<property>engines/engine[0]/np</property>
		<factor>0.01</factor>
		<step>10</step>
		<axis>
			<x>1</x>
			<y>0</y>
			<z>0</z>
		</axis>
	</animation>
	<animation>
		<type>select</type>
		<object-name>engine.NP.002</object-name>
		<condition>
			<greater-than-equals>
				<property>engines/engine[0]/np</property>
				<value>10</value>
			</greater-than-equals>
		</condition>
	</animation>

	<animation>
		<type>textranslate</type>
		<object-name>engine.NP.003</object-name>
		<property>engines/engine[0]/np</property>
		<factor>0.1</factor>
		<step>1</step>
		<axis>
			<x>1</x>
			<y>0</y>
			<z>0</z>
		</axis>
	</animation>

	<animation>
		<type>pick</type>
		<object-name>engine.button</object-name>
		<action>
			<button>0</button>
			<repeatable>true</repeatable>
			<interval-sec>0.2</interval-sec>
			<binding>
				<command>property-toggle</command>
				<property>instrumentation/engine/backlight</property>
				<value>true</value>
				<value>false</value>
			</binding>
		</action>
	</animation>

	<!-- LoD -->
	<animation>
		<type>range</type>
		<min-m>0</min-m>
		<max-m>10</max-m>
	</animation>

</PropertyList>
